[{"sidebar-1":["bp_core_members_widget-2","recent-posts-2","recent-comments-2","archives-2","categories-2"],"side":["bp_groups_widget-2","bbp_stats_widget-2","cleverness-to-do-widget-2","kleo_recent_posts-2","categories-3","calendar-2","recent-posts-3","em_widget-2","archives-3"],"sidebar-3":["kleo_recent_posts-4"],"sidebar-4":["bp_groups_widget-4"]},{"bp_core_members_widget":{"2":{"title":"Members","max_members":"3","member_default":"active","link_title":true},"_multiwidget":1},"recent-posts":{"2":{"title":"","number":5},"3":{"title":"","number":5,"show_date":false},"_multiwidget":1},"recent-comments":{"2":{"title":"","number":5},"_multiwidget":1},"archives":{"2":{"title":"","count":0,"dropdown":0},"3":{"title":"","count":0,"dropdown":0},"_multiwidget":1},"categories":{"2":{"title":"","count":0,"hierarchical":0,"dropdown":0},"3":{"title":"","count":0,"hierarchical":0,"dropdown":0},"_multiwidget":1},"bp_groups_widget":{"2":{"title":"Groups","max_groups":"3","group_default":"active","link_title":true},"4":{"title":"","max_groups":"5","group_default":"active","link_title":false,"rw_opt":{"widget_select":false}},"_multiwidget":1},"bbp_stats_widget":{"2":{"title":"Forum Statistics"},"_multiwidget":1},"cleverness-to-do-widget":{"2":{"title":"To-Do List","number":"5","assigned_to":"1","deadline":"1","progress":"1","category":null,"individual":null},"_multiwidget":1},"kleo_recent_posts":{"2":{"title":"","limit":"5","length":10,"thumb":"1","cat":"0","post_type":"post"},"4":{"title":"","limit":"5","length":10,"thumb":"1","cat":"0","post_type":"post","rw_opt":{"widget_select":false}},"_multiwidget":1},"calendar":{"2":{"title":""},"_multiwidget":1},"em_widget":{"2":{"title":"Events","limit":"5","scope":"future","orderby":"event_start_date,event_start_time,event_name","order":"ASC","category":"0","all_events_text":"all events","format":"<li>#_EVENTLINK<ul><li>#_EVENTDATES<\/li><li>#_LOCATIONTOWN<\/li><\/ul><\/li>","nolistwrap":false,"all_events":0,"no_events_text":"<li>No events<\/li>"},"_multiwidget":1}}]