{
  "menu_icon": "0",
  "header_style_background_color": "#ffffff",
  "sidemenu_style_background_color": "#ffffff",
  "sidemenu_style_border_color": "#ffffff",
  "sidemenu_style_heading_color": "#67636d",
  "sidemenu_style_link_color": "#67636d",
  "sidemenu_style_hover_link_color": "#38343c",
  "sidemenu_style_accent_color": "#c4a472",
  "header_style_border_color": "#ffffff",
  "header_bottom_text": "",
  "menu_dropdown": "click",
  "page_title_style_background_color": "#ffffff",
  "page_title_style_border_color": "#ffffff",
  "font_headings": "Halant",
  "font_text": "Halant",
  "font_size_base": "15",
  "font_size_h1": "28",
  "font_size_h2": "36",
  "page_title_tagline": "",
  "header_status": true,
  "header_height": "90",
  "sidemenu_font_size": "20",
  "sidemenu_header_bg": "#ffffff",
  "sidemenu_width": "360px",
  "side_padding_left": "75px",
  "side_padding_right": "75px",
  "logo_padding_left": "75px",
  "container_padding_left": "0px",
  "container_padding_right": "90px",
  "sidemenu_icons": false,
  "sidemenu_col_width": "90px",
  "sidemenu_menu_active_bg": "#ffffff",
  "sidemenu_submenu_active_bg": "#ffffff",
  "sidemenu_submenu_font_size": "18",
  "woo_custom_cat_size": true,
  "woo_cat_width": "440",
  "woo_cat_height": "650"
}